<ATM>
	<Principal firstName="John" lastName="Dow" secondName="James" age="31">
		<Account login="login" password="password">
			<CreditScore>
				<Money value="1000.01">
					<Currency name="RUR" usdCource="1.0"/>
				</Money>
			</CreditScore>
			<DebetScore>
				<Money value="123.01">
					<Currency name="RUR" usdCource="1.0"/>
				</Money>
			</DebetScore>
			<CurrentScore>
				<Money value="150000.01">
					<Currency name="RUR" usdCource="1.0"/>
				</Money>
			</CurrentScore>
		</Account>
	</Principal>
</ATM>