<?xml version="1.0" encoding="UTF-8" standalone="yes"?>
<atm>
    <currentScore>
        <balance value="154567.01">
            <currency name="RUR" rurCource="1.0"/>
        </balance>
        <owner login="login" password="password">
            <principal firstName="John" lastName="Dow" secondName="James" age="31"/>
        </owner>
        <number>102</number>
        <debetScore>
            <balance value="11354.45">
                <currency name="RUR" rurCource="1.0"/>
            </balance>
            <owner login="login" password="password">
                <principal firstName="John" lastName="Dow" secondName="James" age="31"/>
            </owner>
            <number>103</number>
            <creditScore>
                <balance value="101.06">
                    <currency name="RUR" rurCource="1.0"/>
                </balance>
                <owner login="login" password="password">
                    <principal firstName="John" lastName="Dow" secondName="James" age="31"/>
                </owner>
                <number>101</number>
            </creditScore>
        </debetScore>
    </currentScore>
    <debetScore>
        <balance value="11354.45">
            <currency name="RUR" rurCource="1.0"/>
        </balance>
        <owner login="login" password="password">
            <principal firstName="John" lastName="Dow" secondName="James" age="31"/>
        </owner>
        <number>103</number>
        <creditScore>
            <balance value="101.06">
                <currency name="RUR" rurCource="1.0"/>
            </balance>
            <owner login="login" password="password">
                <principal firstName="John" lastName="Dow" secondName="James" age="31"/>
            </owner>
            <number>101</number>
        </creditScore>
    </debetScore>
    <creditScore>
        <balance value="101.06">
            <currency name="RUR" rurCource="1.0"/>
        </balance>
        <owner login="login" password="password">
            <principal firstName="John" lastName="Dow" secondName="James" age="31"/>
        </owner>
        <number>101</number>
    </creditScore>
</atm>
