{
  "currentScore": {
    "debetScore": {
      "creditScore": {
        "methodCount": 0,
        "balance": {
          "currency": {
            "name": "RUR",
            "rurCource": 1.0
          },
          "value": 101.06
        },
        "owner": {
          "principal": {
            "firstName": "John",
            "lastName": "Dow",
            "secondName": "James",
            "age": 31
          },
          "login": "login",
          "password": "password",
          "scoreMap": {}
        },
        "number": 101
      },
      "methodCount": 0,
      "balance": {
        "currency": {
          "name": "RUR",
          "rurCource": 1.0
        },
        "value": 11354.45
      },
      "owner": {
        "principal": {
          "firstName": "John",
          "lastName": "Dow",
          "secondName": "James",
          "age": 31
        },
        "login": "login",
        "password": "password",
        "scoreMap": {}
      },
      "number": 103
    },
    "methodCount": 0,
    "balance": {
      "currency": {
        "name": "RUR",
        "rurCource": 1.0
      },
      "value": 154567.01
    },
    "owner": {
      "principal": {
        "firstName": "John",
        "lastName": "Dow",
        "secondName": "James",
        "age": 31
      },
      "login": "login",
      "password": "password",
      "scoreMap": {}
    },
    "number": 102
  },
  "debetScore": {
    "creditScore": {
      "methodCount": 0,
      "balance": {
        "currency": {
          "name": "RUR",
          "rurCource": 1.0
        },
        "value": 101.06
      },
      "owner": {
        "principal": {
          "firstName": "John",
          "lastName": "Dow",
          "secondName": "James",
          "age": 31
        },
        "login": "login",
        "password": "password",
        "scoreMap": {}
      },
      "number": 101
    },
    "methodCount": 0,
    "balance": {
      "currency": {
        "name": "RUR",
        "rurCource": 1.0
      },
      "value": 11354.45
    },
    "owner": {
      "principal": {
        "firstName": "John",
        "lastName": "Dow",
        "secondName": "James",
        "age": 31
      },
      "login": "login",
      "password": "password",
      "scoreMap": {}
    },
    "number": 103
  },
  "creditScore": {
    "methodCount": 0,
    "balance": {
      "currency": {
        "name": "RUR",
        "rurCource": 1.0
      },
      "value": 101.06
    },
    "owner": {
      "principal": {
        "firstName": "John",
        "lastName": "Dow",
        "secondName": "James",
        "age": 31
      },
      "login": "login",
      "password": "password",
      "scoreMap": {}
    },
    "number": 101
  }
}