<Context>

    <!-- Default set of monitored resources -->
    <WatchedResource>WEB-INF/web.xml</WatchedResource>

    <!-- Uncomment this to disable session persistence across Tomcat restarts -->
    <!--
    <Manager pathname="" />
    -->

    <!-- Uncomment this to enable Comet connection tacking (provides events
         on session expiration as well as webapp lifecycle) -->
    <!--
    <Valve className="org.apache.catalina.valves.CometConnectionManagerValve" />
    -->

    <!-- JMX Support for the Tomcat server. Documentation at /docs/non-existent.html -->
    <Listener className="org.apache.catalina.mbeans.ServerLifecycleListener" />
    <Listener className="org.apache.catalina.mbeans.GlobalResourcesLifecycleListener" />


    <Environment name="reis/abtpPath" value="../Tools/external-tools" type="java.lang.String" override="false"/>
    <Environment name="reis/chronicleFolderPath" value="./tacs-365-test/target/test-resources/chronicle/reis.chronicle" type="java.lang.String" override="false"/>
    <Environment name="reis/incomingContainerPath" value="./tacs-365-test/target/test-resources/exchange/" type="java.lang.String" override="false"/>

    <Environment name="reis/urlTAS" value="http://s-msk-d-tbi-as1.raiffeisen.ru:9019/tas/WebServiceTransitService/WEB-INF/wsdl/WebServiceTransit.wsdl" type="java.lang.String" override="false"/>
    <Environment name="reis/abtpLogsPath" value="./logs/abtpLogs" type="java.lang.String" override="false"/>
    <Environment name="reis/logsPath" value="./TEST_LOGS" type="java.lang.String" override="false"/>

    <Environment name="urlDMS" value="http://s-msk-u-dms004/RBA_FNSLIBWS/Archive.asmx?wsdl" type="java.lang.String" override="false"/>

    <!--DEV -->
    <Environment name="reis/mq-host" value="s-msk-d-vbrk02.raiffeisen.ru" type="java.lang.String" override="false"/>
    <Environment name="reis/mq-channel" value="MUON" type="java.lang.String" override="false"/>
    <Environment name="reis/mq-manager" value="QMMSKD_MUON" type="java.lang.String" override="false"/>
    <!--<Environment name="reis/mq-input" value="ADP.TACS.V1.REQ" type="java.lang.String" override="false"/>-->
    <Environment name="reis/mq-input" value="ADP.TACS.V1.REQ" type="java.lang.String" override="false"/>
    <Environment name="reis/mq-input-rurpayment" value="ADP.TACS.RURPAYMNT.V1.REQ" type="java.lang.String" override="false"/>




    <Environment name="reis/mq-output" value="ADP.TACS.V1.OUT" type="java.lang.String" override="false"/>
    <Environment name="reis/file-mq-host" value="s-msk-d-vbrk02.raiffeisen.ru" type="java.lang.String" override="false"/>
    <Environment name="reis/file-mq-channel" value="MUON" type="java.lang.String" override="false"/>
    <Environment name="reis/file-mq-manager" value="QMMSKD_MUON" type="java.lang.String" override="false"/>
    <Environment name="reis/file-mq-input" value="INT.DMS.IN" type="java.lang.String" override="false"/>
    <Environment name="reis/file-mq-output" value="EXT.DMS.OUT" type="java.lang.String" override="false"/>
    <Environment name="reis/mq-statement-input" value="ADP.TACS.ACCNTSTMT.V1.REQ" type="java.lang.String" override="false"/>
    <Environment name="reis/mq-statement-output" value="ADP.TACS.ACCNTSTMT.V1.OUT" type="java.lang.String" override="false"/>
    <Environment name="reis/mq-arrest-input" value="ADP.TACS.ARREST.V1.REQ" type="java.lang.String" override="false"/>
    <Environment name="reis/mq-arrest-output" value="ADP.TACS.ARREST.V1.OUT" type="java.lang.String" override="false"/>
    <Environment name="reis/mq-bankruptcy-input" value="ADP.TACS.BANKRUPTCY.V1.REQ" type="java.lang.String" override="false"/>
    <Environment name="reis/mq-bankruptcy-output" value="ADP.TACS.BANKRUPTCY.V1.OUT" type="java.lang.String" override="false"/>
    <Environment name="reis/mq-account-input" value="ADP.TACS.ACCOUNT.V1.REQ" type="java.lang.String" override="false"/>
    <Environment name="reis/mq-account-output" value="ADP.TACS.ACCOUNT.V1.OUT" type="java.lang.String" override="false"/>
    <Environment name="reis/mq-client-input" value="ADP.TACS.CLIENT.V1.REQ" type="java.lang.String" override="false"/>
    <Environment name="reis/mq-client-output" value="ADP.TACS.CLIENT.V1.OUT" type="java.lang.String" override="false"/>
    <Environment name="reis/mq-balance-input" value="ADP.TACS.ACCNTBLN.V1.REQ" type="java.lang.String" override="false"/>
    <Environment name="reis/mq-balance-output" value="ADP.TACS.ACCNTBLN.V1.OUT" type="java.lang.String" override="false"/>
    <Environment name="reis/allow-arrest-uploading" value="true" type="java.lang.String" override="false"/>
    <Environment name="reis/nightly-import-from-ad-allowed" value="true" type="java.lang.String" override="false"/>
    <Environment name="reis/is-abtp-tools-emulated" value="true" type="java.lang.String" override="false"/>

    <Resource name="jdbc/tacs_365_integration_DB2" type="javax.sql.DataSource"/>

</Context>
